{"v":"5.5.7","meta":{"g":"LottieFiles AE 0.1.20","a":"","k":"","d":"","tc":""},"fr":32,"ip":0,"op":20,"w":400,"h":400,"nm":"like heart","ddd":0,"assets":[],"layers":[{"ddd":0,"ind":1,"ty":4,"nm":"heart icon","sr":1,"ks":{"o":{"a":0,"k":100,"ix":11},"r":{"a":0,"k":0,"ix":10},"p":{"a":0,"k":[200,200,0],"ix":2},"a":{"a":0,"k":[200,200,0],"ix":1},"s":{"a":1,"k":[{"i":{"x":[0.84,0.84,0.667],"y":[1,1,1]},"o":{"x":[0.747,0.747,0.333],"y":[0,0,0]},"t":0,"s":[100,100,100]},{"i":{"x":[0.063,0.063,0.667],"y":[1,1,1]},"o":{"x":[0.186,0.186,0.333],"y":[0,0,0]},"t":4,"s":[90,90,100]},{"i":{"x":[0.833,0.833,0.833],"y":[1,1,1]},"o":{"x":[0.939,0.939,0.333],"y":[0,0,0]},"t":8,"s":[120,120,100]},{"i":{"x":[0.274,0.274,0.833],"y":[1,1,1]},"o":{"x":[0.167,0.167,0.167],"y":[0,0,0]},"t":12,"s":[95,95,100]},{"i":{"x":[0.856,0.856,0.667],"y":[1,1,1]},"o":{"x":[0.563,0.563,0.167],"y":[0,0,0]},"t":16,"s":[105,105,100]},{"t":20,"s":[100,100,100]}],"ix":6}},"ao":0,"shapes":[{"ty":"gr","it":[{"ind":0,"ty":"sh","ix":1,"ks":{"a":0,"k":{"i":[[16.457,-11.09],[0,0],[18.112,-49.621],[-72.886,-27.452],[0,0],[21.769,59.636],[27.835,-0.002]],"o":[[0,0],[-43.544,-29.342],[-21.775,59.636],[0,0],[72.887,-27.452],[-11.27,-30.868],[-16.911,0.002]],"v":[[0.217,-81.882],[-0.216,-81.882],[-115.698,-52.537],[-0.216,111.224],[0.217,111.224],[115.704,-52.537],[51.518,-98.577]],"c":true},"ix":2},"nm":"Tracé 1","mn":"ADBE Vector Shape - Group","hd":false},{"ty":"fl","c":{"a":1,"k":[{"i":{"x":[0.667],"y":[1]},"o":{"x":[0.333],"y":[0]},"t":4,"s":[0.626999978458,0.62400004069,0.663000009574,1]},{"t":20,"s":[0.976470589638,0.384313732386,0.352941185236,1]}],"ix":4},"o":{"a":0,"k":100,"ix":5},"r":1,"bm":0,"nm":"Fond 1","mn":"ADBE Vector Graphic - Fill","hd":false},{"ty":"tr","p":{"a":0,"k":[199.635,193.877],"ix":2},"a":{"a":0,"k":[0,0],"ix":1},"s":{"a":0,"k":[100,100],"ix":3},"r":{"a":0,"k":0,"ix":6},"o":{"a":0,"k":100,"ix":7},"sk":{"a":0,"k":0,"ix":4},"sa":{"a":0,"k":0,"ix":5},"nm":"Transformer "}],"nm":"Groupe 1","np":2,"cix":2,"bm":0,"ix":1,"mn":"ADBE Vector Group","hd":false}],"ip":0,"op":64,"st":0,"bm":0}],"markers":[]}